variable,year,count
전체순번,1681,22089
年度,1681,1
面名,1681,10
면명,1681,10
順番,1681,5046
里順,1681,8
里名,1681,47
리명,1681,47
統,1681,39
統首,1681,767
통수,1681,765
戶,1681,9
主戶,1681,3442
주호,1681,3308
新戶,1681,2
신호,1681,2
代戶,1681,173
대호,1681,173
戶內位相,1681,220
호내위상,1681,237
職役,1681,1652
직역,1681,1621
姓,1681,92
성,1681,75
名,1681,8146
명,1681,6190
改名,1681,88
개명,1681,87
年齡,1681,102
干支,1681,72
간지,1681,71
出入,1681,670
출입,1681,674
場所,1681,734
장소,1681,717
本,1681,4
본,1681,4
本貫,1681,268
본관,1681,243
主居,1681,176
주거,1681,170
主職役,1681,81
주직역,1681,81
主姓名,1681,1711
주성명,1681,1617
父職役,1681,420
부직역,1681,412
父名,1681,4531
부명,1681,3785
生父職役,1681,10
생부직역,1681,10
生父名,1681,11
생부명,1681,11
母職役,1681,48
모직역,1681,47
母名,1681,1884
모명,1681,1561
所生,1681,19
祖職役,1681,478
조직역,1681,457
祖名,1681,3564
조명,1681,2936
曾祖職役,1681,492
증조직역,1681,480
曾祖名,1681,3653
증조명,1681,2941
外祖職役,1681,363
외조직역,1681,361
外祖名,1681,4832
외조명,1681,4425
外本,1681,286
외본,1681,257
備考,1681,523
전체순번,1684,30291
年度,1684,1
面名,1684,15
면명,1684,15
順番,1684,5056
里順,1684,16
里名,1684,80
리명,1684,80
統,1684,42
統首,1684,1036
통수,1684,1030
戶,1684,8
主戶,1684,4452
주호,1684,4250
新戶,1684,2
신호,1684,2
代戶,1684,244
대호,1684,244
戶內位相,1684,275
호내위상,1684,303
職役,1684,2924
직역,1684,2855
姓,1684,102
성,1684,82
名,1684,10370
명,1684,7550
改名,1684,174
개명,1684,173
年齡,1684,118
干支,1684,101
간지,1684,104
出入,1684,904
출입,1684,916
場所,1684,1024
장소,1684,998
本,1684,4
본,1684,4
本貫,1684,299
본관,1684,277
主居,1684,214
주거,1684,201
主職役,1684,112
주직역,1684,112
主姓名,1684,2222
주성명,1684,2062
父職役,1684,560
부직역,1684,523
父名,1684,5900
부명,1684,4754
生父職役,1684,17
생부직역,1684,17
生父名,1684,24
생부명,1684,24
母職役,1684,83
모직역,1684,80
母名,1684,2445
모명,1684,1956
所生,1684,20
祖職役,1684,609
조직역,1684,581
祖名,1684,4525
조명,1684,3559
曾祖職役,1684,688
증조직역,1684,639
曾祖名,1684,4560
증조명,1684,3529
外祖職役,1684,513
외조직역,1684,499
外祖名,1684,6403
외조명,1684,5743
外本,1684,332
외본,1684,298
備考,1684,819
전체순번,1687,17731
年度,1687,1
面名,1687,10
면명,1687,10
順番,1687,3634
里順,1687,25
里名,1687,74
리명,1687,75
統,1687,56
統首,1687,678
통수,1687,677
戶,1687,8
主戶,1687,3124
주호,1687,3033
新戶,1687,4
신호,1687,4
代戶,1687,120
대호,1687,120
戶內位相,1687,192
호내위상,1687,208
職役,1687,1344
직역,1687,1302
姓,1687,92
성,1687,72
名,1687,6542
명,1687,5033
改名,1687,63
개명,1687,63
年齡,1687,112
干支,1687,77
간지,1687,77
出入,1687,381
출입,1687,384
場所,1687,495
장소,1687,486
本,1687,4
본,1687,4
本貫,1687,223
본관,1687,203
主居,1687,165
주거,1687,154
主職役,1687,96
주직역,1687,96
主姓名,1687,1272
주성명,1687,1204
父職役,1687,346
부직역,1687,334
父名,1687,3835
부명,1687,3111
生父職役,1687,11
생부직역,1687,11
生父名,1687,11
생부명,1687,11
母職役,1687,34
모직역,1687,31
母名,1687,1450
모명,1687,1280
所生,1687,12
祖職役,1687,348
조직역,1687,337
祖名,1687,3129
조명,1687,2520
曾祖職役,1687,410
증조직역,1687,393
曾祖名,1687,3185
증조명,1687,2564
外祖職役,1687,334
외조직역,1687,330
外祖名,1687,4480
외조명,1687,4047
外本,1687,243
외본,1687,223
備考,1687,585
전체순번,1690,37085
年度,1690,1
面名,1690,18
면명,1690,18
順番,1690,4520
里順,1690,16
里名,1690,104
리명,1690,104
統,1690,57
統首,1690,1221
통수,1690,1211
戶,1690,9
主戶,1690,5390
주호,1690,5146
新戶,1690,2
신호,1690,2
代戶,1690,300
대호,1690,300
戶內位相,1690,291
호내위상,1690,311
職役,1690,2855
직역,1690,2785
姓,1690,111
성,1690,89
名,1690,11701
명,1690,8328
改名,1690,163
개명,1690,159
年齡,1690,117
干支,1690,78
간지,1690,79
出入,1690,900
출입,1690,932
場所,1690,1143
장소,1690,1103
本,1690,5
본,1690,4
本貫,1690,304
본관,1690,273
主居,1690,204
주거,1690,189
主職役,1690,83
주직역,1690,83
主姓名,1690,2303
주성명,1690,2106
父職役,1690,566
부직역,1690,524
父名,1690,6769
부명,1690,5290
生父職役,1690,15
생부직역,1690,15
生父名,1690,22
생부명,1690,22
母職役,1690,78
모직역,1690,70
母名,1690,2602
모명,1690,2067
所生,1690,17
祖職役,1690,654
조직역,1690,608
祖名,1690,5195
조명,1690,3967
曾祖職役,1690,738
증조직역,1690,684
曾祖名,1690,5270
증조명,1690,4022
外祖職役,1690,533
외조직역,1690,523
外祖名,1690,7705
외조명,1690,6931
外本,1690,342
외본,1690,302
備考,1690,749
전체순번,1696,20050
年度,1696,1
面名,1696,8
면명,1696,8
順番,1696,4752
里順,1696,18
里名,1696,65
리명,1696,65
統,1696,37
統首,1696,584
통수,1696,582
戶,1696,10
主戶,1696,2739
주호,1696,2678
新戶,1696,2
신호,1696,2
代戶,1696,223
대호,1696,223
戶內位相,1696,276
호내위상,1696,289
職役,1696,1811
직역,1696,1769
姓,1696,95
성,1696,78
名,1696,7750
명,1696,6016
改名,1696,128
개명,1696,127
年齡,1696,106
干支,1696,73
간지,1696,73
出入,1696,577
출입,1696,630
場所,1696,779
장소,1696,754
本,1696,4
본,1696,3
本貫,1696,219
본관,1696,204
主居,1696,123
주거,1696,116
主職役,1696,42
주직역,1696,42
主姓名,1696,937
주성명,1696,893
父職役,1696,379
부직역,1696,349
父名,1696,4022
부명,1696,3349
生父職役,1696,14
생부직역,1696,14
生父名,1696,18
생부명,1696,18
母職役,1696,69
모직역,1696,65
母名,1696,1668
모명,1696,1385
所生,1696,12
祖職役,1696,394
조직역,1696,365
祖名,1696,2999
조명,1696,2415
曾祖職役,1696,479
증조직역,1696,446
曾祖名,1696,3022
증조명,1696,2465
外祖職役,1696,356
외조직역,1696,346
外祖名,1696,4064
외조명,1696,3715
外本,1696,264
외본,1696,230
備考,1696,309
전체순번,1702,12700
年度,1702,1
面名,1702,5
면명,1702,5
順番,1702,4857
里順,1702,27
里名,1702,55
리명,1702,55
統,1702,24
統首,1702,455
통수,1702,454
戶,1702,10
主戶,1702,2162
주호,1702,2131
新戶,1702,3
신호,1702,3
代戶,1702,125
대호,1702,125
戶內位相,1702,185
호내위상,1702,195
職役,1702,1134
직역,1702,1107
姓,1702,89
성,1702,74
名,1702,4784
명,1702,3961
改名,1702,30
개명,1702,30
年齡,1702,109
干支,1702,69
간지,1702,69
出入,1702,230
출입,1702,232
場所,1702,344
장소,1702,339
本,1702,3
본,1702,3
本貫,1702,173
본관,1702,166
主居,1702,108
주거,1702,102
主職役,1702,51
주직역,1702,51
主姓名,1702,615
주성명,1702,594
父職役,1702,280
부직역,1702,266
父名,1702,2724
부명,1702,2311
生父職役,1702,7
생부직역,1702,7
生父名,1702,9
생부명,1702,9
母職役,1702,19
모직역,1702,18
母名,1702,865
모명,1702,813
所生,1702,10
祖職役,1702,308
조직역,1702,299
祖名,1702,2234
조명,1702,1893
曾祖職役,1702,373
증조직역,1702,364
曾祖名,1702,2357
증조명,1702,1959
外祖職役,1702,265
외조직역,1702,259
外祖名,1702,3201
외조명,1702,2967
外本,1702,175
외본,1702,164
備考,1702,248
전체순번,1705,35415
年度,1705,1
面名,1705,15
면명,1705,15
順番,1705,5739
里順,1705,20
里名,1705,88
리명,1705,88
統,1705,64
統首,1705,1058
통수,1705,1053
戶,1705,8
主戶,1705,4767
주호,1705,4606
新戶,1705,2
신호,1705,2
代戶,1705,303
대호,1705,303
戶內位相,1705,349
호내위상,1705,348
職役,1705,2565
직역,1705,2496
姓,1705,106
성,1705,84
名,1705,11154
명,1705,8104
改名,1705,184
개명,1705,181
年齡,1705,122
干支,1705,88
간지,1705,91
出入,1705,720
출입,1705,741
場所,1705,1065
장소,1705,1030
本,1705,4
본,1705,4
本貫,1705,286
본관,1705,253
主居,1705,165
주거,1705,156
主職役,1705,60
주직역,1705,60
主姓名,1705,1740
주성명,1705,1618
父職役,1705,487
부직역,1705,460
父名,1705,6128
부명,1705,4779
生父職役,1705,16
생부직역,1705,16
生父名,1705,26
생부명,1705,26
母職役,1705,69
모직역,1705,65
母名,1705,2347
모명,1705,1915
所生,1705,17
祖職役,1705,626
조직역,1705,588
祖名,1705,4801
조명,1705,3648
曾祖職役,1705,741
증조직역,1705,708
曾祖名,1705,4718
증조명,1705,3609
外祖職役,1705,509
외조직역,1705,495
外祖名,1705,7055
외조명,1705,6333
外本,1705,335
외본,1705,296
備考,1705,724
전체순번,1708,20359
年度,1708,1
面名,1708,9
면명,1708,9
順番,1708,6093
里順,1708,10
里名,1708,37
리명,1708,37
統,1708,67
統首,1708,599
통수,1708,599
戶,1708,8
主戶,1708,2822
주호,1708,2765
新戶,1708,2
신호,1708,2
代戶,1708,252
대호,1708,252
戶內位相,1708,298
호내위상,1708,321
職役,1708,1693
직역,1708,1660
姓,1708,103
성,1708,80
名,1708,7313
명,1708,5792
改名,1708,108
개명,1708,108
年齡,1708,119
干支,1708,83
간지,1708,83
出入,1708,474
출입,1708,496
場所,1708,624
장소,1708,604
本,1708,4
본,1708,4
本貫,1708,221
본관,1708,212
主居,1708,131
주거,1708,125
主職役,1708,41
주직역,1708,41
主姓名,1708,973
주성명,1708,932
父職役,1708,325
부직역,1708,303
父名,1708,4085
부명,1708,3356
生父職役,1708,14
생부직역,1708,14
生父名,1708,20
생부명,1708,20
母職役,1708,43
모직역,1708,43
母名,1708,1393
모명,1708,1269
所生,1708,17
祖職役,1708,347
조직역,1708,328
祖名,1708,3123
조명,1708,2488
曾祖職役,1708,422
증조직역,1708,391
曾祖名,1708,3102
증조명,1708,2467
外祖職役,1708,312
외조직역,1708,306
外祖名,1708,4306
외조명,1708,3965
外本,1708,264
외본,1708,239
備考,1708,415
전체순번,1711,24042
年度,1711,1
面名,1711,8
면명,1711,8
順番,1711,5814
里順,1711,27
里名,1711,73
리명,1711,73
統,1711,29
統首,1711,763
통수,1711,757
戶,1711,9
主戶,1711,3502
주호,1711,3393
新戶,1711,13
신호,1711,13
代戶,1711,263
대호,1711,263
戶內位相,1711,271
호내위상,1711,276
職役,1711,1894
직역,1711,1840
姓,1711,103
성,1711,82
名,1711,8031
명,1711,6162
改名,1711,98
개명,1711,97
年齡,1711,126
干支,1711,92
간지,1711,93
出入,1711,485
출입,1711,500
場所,1711,630
장소,1711,601
本,1711,4
본,1711,4
本貫,1711,219
본관,1711,205
主居,1711,125
주거,1711,121
主職役,1711,39
주직역,1711,39
主姓名,1711,1135
주성명,1711,1056
父職役,1711,322
부직역,1711,301
父名,1711,4797
부명,1711,3851
生父職役,1711,14
생부직역,1711,14
生父名,1711,19
생부명,1711,19
母職役,1711,45
모직역,1711,43
母名,1711,1723
모명,1711,1479
所生,1711,16
祖職役,1711,404
조직역,1711,378
祖名,1711,3622
조명,1711,2826
曾祖職役,1711,521
증조직역,1711,491
曾祖名,1711,3674
증조명,1711,2890
外祖職役,1711,345
외조직역,1711,339
外祖名,1711,5305
외조명,1711,4797
外本,1711,260
외본,1711,234
備考,1711,480
전체순번,1714,44600
年度,1714,1
面名,1714,17
면명,1714,17
順番,1714,6462
里順,1714,10
里名,1714,91
리명,1714,91
統,1714,41
統首,1714,1250
통수,1714,1236
戶,1714,9
主戶,1714,5666
주호,1714,5437
新戶,1714,2
신호,1714,2
代戶,1714,392
대호,1714,392
戶內位相,1714,414
호내위상,1714,427
職役,1714,2859
직역,1714,2785
姓,1714,112
성,1714,89
名,1714,12811
명,1714,9112
改名,1714,342
개명,1714,337
年齡,1714,129
干支,1714,89
간지,1714,90
出入,1714,853
출입,1714,870
場所,1714,1202
장소,1714,1154
本,1714,4
본,1714,4
本貫,1714,273
본관,1714,250
主居,1714,145
주거,1714,141
主職役,1714,35
주직역,1714,35
主姓名,1714,1853
주성명,1714,1733
父職役,1714,462
부직역,1714,437
父名,1714,7587
부명,1714,5773
生父職役,1714,31
생부직역,1714,31
生父名,1714,50
생부명,1714,49
母職役,1714,51
모직역,1714,49
母名,1714,2597
모명,1714,2109
所生,1714,17
祖職役,1714,594
조직역,1714,552
祖名,1714,5538
조명,1714,4053
曾祖職役,1714,771
증조직역,1714,716
曾祖名,1714,5462
증조명,1714,4016
外祖職役,1714,509
외조직역,1714,487
外祖名,1714,8429
외조명,1714,7497
外本,1714,318
외본,1714,290
備考,1714,729
전체순번,1717,28858
年度,1717,1
面名,1717,12
면명,1717,12
順番,1717,6721
里順,1717,11
里名,1717,54
리명,1717,54
統,1717,42
統首,1717,764
통수,1717,760
戶,1717,9
主戶,1717,3415
주호,1717,3340
新戶,1717,2
신호,1717,2
代戶,1717,332
대호,1717,332
戶內位相,1717,350
호내위상,1717,365
職役,1717,2067
직역,1717,2021
姓,1717,103
성,1717,81
名,1717,9201
명,1717,7100
改名,1717,186
개명,1717,184
年齡,1717,127
干支,1717,96
간지,1717,98
出入,1717,583
출입,1717,595
場所,1717,742
장소,1717,702
本,1717,4
본,1717,5
本貫,1717,269
본관,1717,248
主居,1717,109
주거,1717,108
主職役,1717,29
주직역,1717,29
主姓名,1717,1117
주성명,1717,1074
父職役,1717,381
부직역,1717,362
父名,1717,5217
부명,1717,4196
生父職役,1717,19
생부직역,1717,19
生父名,1717,31
생부명,1717,31
母職役,1717,51
모직역,1717,53
母名,1717,1787
모명,1717,1522
所生,1717,18
祖職役,1717,518
조직역,1717,487
祖名,1717,3944
조명,1717,3067
曾祖職役,1717,633
증조직역,1717,597
曾祖名,1717,3929
증조명,1717,3111
外祖職役,1717,409
외조직역,1717,392
外祖名,1717,5651
외조명,1717,5188
外本,1717,279
외본,1717,257
備考,1717,775
전체순번,1720,41027
年度,1720,1
面名,1720,13
면명,1720,13
順番,1720,6266
里順,1720,25
里名,1720,113
리명,1720,112
統,1720,76
統首,1720,1244
통수,1720,1231
戶,1720,8
主戶,1720,5555
주호,1720,5398
新戶,1720,3
신호,1720,3
代戶,1720,472
대호,1720,472
戶內位相,1720,403
호내위상,1720,406
職役,1720,2718
직역,1720,2626
姓,1720,112
성,1720,87
名,1720,11223
명,1720,8367
改名,1720,212
개명,1720,210
年齡,1720,124
干支,1720,101
간지,1720,103
出入,1720,681
출입,1720,691
場所,1720,966
장소,1720,944
本,1720,4
본,1720,4
本貫,1720,303
본관,1720,273
主居,1720,149
주거,1720,145
主職役,1720,62
주직역,1720,63
主姓名,1720,1409
주성명,1720,1339
父職役,1720,403
부직역,1720,380
父名,1720,6711
부명,1720,5115
生父職役,1720,13
생부직역,1720,13
生父名,1720,33
생부명,1720,33
母職役,1720,64
모직역,1720,60
母名,1720,1883
모명,1720,1640
所生,1720,14
祖職役,1720,476
조직역,1720,444
祖名,1720,5434
조명,1720,4002
曾祖職役,1720,648
증조직역,1720,622
曾祖名,1720,5407
증조명,1720,4030
外祖職役,1720,449
외조직역,1720,435
外祖名,1720,8464
외조명,1720,7578
外本,1720,327
외본,1720,297
備考,1720,886
전체순번,1723,28339
年度,1723,1
面名,1723,8
면명,1723,8
順番,1723,6758
里順,1723,25
里名,1723,71
리명,1723,71
統,1723,34
統首,1723,877
통수,1723,872
戶,1723,9
主戶,1723,4012
주호,1723,3895
新戶,1723,3
신호,1723,3
代戶,1723,276
대호,1723,276
戶內位相,1723,315
호내위상,1723,330
職役,1723,2302
직역,1723,2245
姓,1723,108
성,1723,87
名,1723,8818
명,1723,6802
改名,1723,129
개명,1723,126
年齡,1723,125
干支,1723,91
간지,1723,91
出入,1723,444
출입,1723,449
場所,1723,679
장소,1723,649
本,1723,4
본,1723,4
本貫,1723,256
본관,1723,241
主居,1723,107
주거,1723,107
主職役,1723,40
주직역,1723,40
主姓名,1723,1073
주성명,1723,1018
父職役,1723,339
부직역,1723,321
父名,1723,5192
부명,1723,4161
生父職役,1723,17
생부직역,1723,17
生父名,1723,31
생부명,1723,31
母職役,1723,46
모직역,1723,47
母名,1723,1538
모명,1723,1356
所生,1723,16
祖職役,1723,406
조직역,1723,372
祖名,1723,4127
조명,1723,3206
曾祖職役,1723,547
증조직역,1723,506
曾祖名,1723,4142
증조명,1723,3199
外祖職役,1723,347
외조직역,1723,329
外祖名,1723,6188
외조명,1723,5652
外本,1723,272
외본,1723,247
備考,1723,602
전체순번,1726,37275
年度,1726,1
面名,1726,15
면명,1726,15
順番,1726,7044
里順,1726,10
里名,1726,72
리명,1726,71
統,1726,77
統首,1726,1060
통수,1726,1053
戶,1726,8
主戶,1726,4730
주호,1726,4554
新戶,1726,2
신호,1726,2
代戶,1726,409
대호,1726,409
戶內位相,1726,351
호내위상,1726,362
職役,1726,2105
직역,1726,2060
姓,1726,106
성,1726,86
名,1726,11174
명,1726,8347
改名,1726,101
개명,1726,99
年齡,1726,137
干支,1726,94
간지,1726,96
出入,1726,583
출입,1726,598
場所,1726,730
장소,1726,679
本,1726,4
본,1726,4
本貫,1726,296
본관,1726,262
主居,1726,133
주거,1726,127
主職役,1726,39
주직역,1726,39
主姓名,1726,1481
주성명,1726,1385
父職役,1726,364
부직역,1726,343
父名,1726,6311
부명,1726,4926
生父職役,1726,15
생부직역,1726,15
生父名,1726,36
생부명,1726,36
母職役,1726,66
모직역,1726,65
母名,1726,2031
모명,1726,1737
所生,1726,14
祖職役,1726,457
조직역,1726,427
祖名,1726,4969
조명,1726,3732
曾祖職役,1726,587
증조직역,1726,549
曾祖名,1726,4844
증조명,1726,3613
外祖職役,1726,426
외조직역,1726,419
外祖名,1726,7191
외조명,1726,6468
外本,1726,315
외본,1726,281
備考,1726,645
전체순번,1729,38636
年度,1729,1
面名,1729,18
면명,1729,18
順番,1729,6766
里順,1729,11
里名,1729,73
리명,1729,72
統,1729,75
統首,1729,1097
통수,1729,1088
戶,1729,9
主戶,1729,4856
주호,1729,4690
新戶,1729,2
신호,1729,2
代戶,1729,303
대호,1729,303
戶內位相,1729,376
호내위상,1729,390
職役,1729,1978
직역,1729,1934
姓,1729,111
성,1729,87
名,1729,11113
명,1729,8327
改名,1729,234
개명,1729,231
年齡,1729,116
干支,1729,81
간지,1729,81
出入,1729,508
출입,1729,497
場所,1729,674
장소,1729,634
本,1729,4
본,1729,4
本貫,1729,278
본관,1729,252
主居,1729,116
주거,1729,113
主職役,1729,31
주직역,1729,31
主姓名,1729,1345
주성명,1729,1266
父職役,1729,339
부직역,1729,320
父名,1729,6510
부명,1729,4992
生父職役,1729,18
생부직역,1729,18
生父名,1729,50
생부명,1729,50
母職役,1729,49
모직역,1729,46
母名,1729,1992
모명,1729,1725
所生,1729,15
祖職役,1729,454
조직역,1729,422
祖名,1729,5103
조명,1729,3757
曾祖職役,1729,578
증조직역,1729,542
曾祖名,1729,4883
증조명,1729,3625
外祖職役,1729,402
외조직역,1729,391
外祖名,1729,7524
외조명,1729,6721
外本,1729,316
외본,1729,289
備考,1729,593
전체순번,1732,43866
年度,1732,1
面名,1732,16
면명,1732,16
順番,1732,7394
里順,1732,20
里名,1732,92
리명,1732,92
統,1732,46
統首,1732,1258
통수,1732,1247
戶,1732,10
主戶,1732,5491
주호,1732,5291
新戶,1732,2
신호,1732,2
代戶,1732,441
대호,1732,440
戶內位相,1732,374
호내위상,1732,390
職役,1732,2475
직역,1732,2412
姓,1732,115
성,1732,88
名,1732,12429
명,1732,9257
改名,1732,292
개명,1732,289
年齡,1732,127
干支,1732,97
간지,1732,96
出入,1732,588
출입,1732,591
場所,1732,841
장소,1732,799
本,1732,4
본,1732,4
本貫,1732,297
본관,1732,269
主居,1732,138
주거,1732,132
主職役,1732,20
주직역,1732,20
主姓名,1732,1615
주성명,1732,1508
父職役,1732,398
부직역,1732,373
父名,1732,6911
부명,1732,5300
生父職役,1732,19
생부직역,1732,19
生父名,1732,53
생부명,1732,53
母職役,1732,55
모직역,1732,49
母名,1732,2125
모명,1732,1792
所生,1732,18
祖職役,1732,480
조직역,1732,452
祖名,1732,5649
조명,1732,4176
曾祖職役,1732,651
증조직역,1732,617
曾祖名,1732,5486
증조명,1732,4080
外祖職役,1732,435
외조직역,1732,426
外祖名,1732,8427
외조명,1732,7544
外本,1732,337
외본,1732,302
備考,1732,607
전체순번,1735,39992
年度,1735,1
面名,1735,18
면명,1735,18
順番,1735,6728
里順,1735,12
里名,1735,92
리명,1735,92
統,1735,68
統首,1735,1210
통수,1735,1204
戶,1735,10
主戶,1735,5247
주호,1735,5094
新戶,1735,2
신호,1735,2
代戶,1735,520
대호,1735,519
戶內位相,1735,356
호내위상,1735,364
職役,1735,2174
직역,1735,2116
姓,1735,117
성,1735,91
名,1735,11745
명,1735,8788
改名,1735,302
개명,1735,292
年齡,1735,136
干支,1735,95
간지,1735,93
出入,1735,570
출입,1735,564
場所,1735,749
장소,1735,721
本,1735,4
본,1735,4
本貫,1735,293
본관,1735,272
主居,1735,117
주거,1735,116
主職役,1735,25
주직역,1735,25
主姓名,1735,1155
주성명,1735,1086
父職役,1735,364
부직역,1735,336
父名,1735,7016
부명,1735,5277
生父職役,1735,17
생부직역,1735,17
生父名,1735,58
생부명,1735,58
母職役,1735,51
모직역,1735,46
母名,1735,1660
모명,1735,1496
所生,1735,16
祖職役,1735,448
조직역,1735,408
祖名,1735,5705
조명,1735,4205
曾祖職役,1735,614
증조직역,1735,572
曾祖名,1735,5508
증조명,1735,4032
外祖職役,1735,414
외조직역,1735,401
外祖名,1735,8261
외조명,1735,7412
外本,1735,346
외본,1735,309
備考,1735,601
전체순번,1738,48692
年度,1738,1
面名,1738,21
면명,1738,21
順番,1738,6757
里順,1738,24
里名,1738,161
리명,1738,161
統,1738,69
統首,1738,1519
통수,1738,1504
戶,1738,8
主戶,1738,6712
주호,1738,6465
新戶,1738,3
신호,1738,3
代戶,1738,368
대호,1738,367
戶內位相,1738,416
호내위상,1738,420
職役,1738,2581
직역,1738,2488
姓,1738,120
성,1738,94
名,1738,12794
명,1738,9278
改名,1738,358
개명,1738,349
年齡,1738,130
干支,1738,94
간지,1738,96
出入,1738,638
출입,1738,632
場所,1738,979
장소,1738,942
本,1738,4
본,1738,4
本貫,1738,312
본관,1738,275
主居,1738,98
주거,1738,97
主職役,1738,36
주직역,1738,36
主姓名,1738,1107
주성명,1738,1061
父職役,1738,408
부직역,1738,386
父名,1738,8394
부명,1738,6060
生父職役,1738,19
생부직역,1738,19
生父名,1738,69
생부명,1738,69
母職役,1738,50
모직역,1738,47
母名,1738,1883
모명,1738,1650
所生,1738,18
祖職役,1738,492
조직역,1738,457
祖名,1738,6859
조명,1738,4843
曾祖職役,1738,710
증조직역,1738,660
曾祖名,1738,6654
증조명,1738,4667
外祖職役,1738,416
외조직역,1738,404
外祖名,1738,10705
외조명,1738,9403
外本,1738,331
외본,1738,291
備考,1738,641
전체순번,1741,26420
年度,1741,1
面名,1741,11
면명,1741,11
順番,1741,3866
里順,1741,20
里名,1741,92
리명,1741,91
統,1741,42
統首,1741,747
통수,1741,745
戶,1741,9
主戶,1741,3468
주호,1741,3385
新戶,1741,2
신호,1741,2
代戶,1741,234
대호,1741,232
戶內位相,1741,273
호내위상,1741,270
職役,1741,1253
직역,1741,1218
姓,1741,109
성,1741,86
名,1741,8913
명,1741,6927
改名,1741,209
개명,1741,201
年齡,1741,123
干支,1741,82
간지,1741,82
出入,1741,480
출입,1741,487
場所,1741,664
장소,1741,628
本,1741,4
본,1741,4
本貫,1741,233
본관,1741,221
主居,1741,70
주거,1741,70
主職役,1741,14
주직역,1741,14
主姓名,1741,629
주성명,1741,607
父職役,1741,267
부직역,1741,253
父名,1741,5077
부명,1741,4075
生父職役,1741,12
생부직역,1741,12
生父名,1741,37
생부명,1741,37
母職役,1741,38
모직역,1741,34
母名,1741,1595
모명,1741,1402
所生,1741,14
祖職役,1741,319
조직역,1741,307
祖名,1741,4116
조명,1741,3196
曾祖職役,1741,475
증조직역,1741,452
曾祖名,1741,3893
증조명,1741,3038
外祖職役,1741,306
외조직역,1741,304
外祖名,1741,5614
외조명,1741,5158
外本,1741,262
외본,1741,247
備考,1741,343
전체순번,1744,21127
年度,1744,1
面名,1744,12
면명,1744,12
順番,1744,3307
里順,1744,9
里名,1744,57
리명,1744,56
統,1744,71
統首,1744,675
통수,1744,673
戶,1744,8
主戶,1744,3074
주호,1744,2996
新戶,1744,2
신호,1744,2
代戶,1744,253
대호,1744,253
戶內位相,1744,229
호내위상,1744,229
職役,1744,1015
직역,1744,991
姓,1744,100
성,1744,82
名,1744,7435
명,1744,6038
改名,1744,120
개명,1744,120
年齡,1744,117
干支,1744,78
간지,1744,79
出入,1744,462
출입,1744,463
場所,1744,608
장소,1744,588
本,1744,4
본,1744,4
本貫,1744,218
본관,1744,201
主居,1744,57
주거,1744,56
主職役,1744,15
주직역,1744,15
主姓名,1744,511
주성명,1744,491
父職役,1744,211
부직역,1744,195
父名,1744,4510
부명,1744,3604
生父職役,1744,15
생부직역,1744,15
生父名,1744,33
생부명,1744,33
母職役,1744,28
모직역,1744,26
母名,1744,1275
모명,1744,1245
所生,1744,12
祖職役,1744,266
조직역,1744,248
祖名,1744,3587
조명,1744,2784
曾祖職役,1744,325
증조직역,1744,317
曾祖名,1744,3362
증조명,1744,2596
外祖職役,1744,240
외조직역,1744,232
外祖名,1744,4900
외조명,1744,4489
外本,1744,235
외본,1744,224
備考,1744,315
전체순번,1747,47492
年度,1747,1
面名,1747,18
면명,1747,18
順番,1747,7921
里順,1747,19
里名,1747,121
리명,1747,120
統,1747,51
統首,1747,1430
통수,1747,1410
戶,1747,9
主戶,1747,6318
주호,1747,6127
新戶,1747,2
신호,1747,2
代戶,1747,471
대호,1747,470
戶內位相,1747,388
호내위상,1747,393
職役,1747,2245
직역,1747,2189
姓,1747,122
성,1747,92
名,1747,13458
명,1747,9927
改名,1747,359
개명,1747,352
年齡,1747,140
干支,1747,96
간지,1747,97
出入,1747,563
출입,1747,553
場所,1747,823
장소,1747,792
本,1747,4
본,1747,5
本貫,1747,335
본관,1747,296
主居,1747,109
주거,1747,105
主職役,1747,26
주직역,1747,26
主姓名,1747,1261
주성명,1747,1193
父職役,1747,361
부직역,1747,350
父名,1747,7992
부명,1747,6026
生父職役,1747,19
생부직역,1747,19
生父名,1747,75
생부명,1747,75
母職役,1747,52
모직역,1747,49
母名,1747,1739
모명,1747,1523
所生,1747,16
祖職役,1747,413
조직역,1747,395
祖名,1747,6797
조명,1747,4869
曾祖職役,1747,571
증조직역,1747,542
曾祖名,1747,6426
증조명,1747,4694
外祖職役,1747,353
외조직역,1747,347
外祖名,1747,10078
외조명,1747,8987
外本,1747,368
외본,1747,332
備考,1747,544
전체순번,1750,10725
年度,1750,1
面名,1750,2
면명,1750,2
順番,1750,5720
里順,1750,24
里名,1750,43
리명,1750,43
統,1750,30
統首,1750,368
통수,1750,368
戶,1750,9
主戶,1750,1649
주호,1750,1625
新戶,1750,4
신호,1750,3
代戶,1750,79
대호,1750,79
戶內位相,1750,131
호내위상,1750,132
職役,1750,639
직역,1750,612
姓,1750,88
성,1750,74
名,1750,3918
명,1750,3340
改名,1750,73
개명,1750,73
年齡,1750,108
干支,1750,66
간지,1750,67
出入,1750,215
출입,1750,222
場所,1750,167
장소,1750,161
本,1750,3
본,1750,3
本貫,1750,136
본관,1750,131
主居,1750,37
주거,1750,36
主職役,1750,10
주직역,1750,10
主姓名,1750,157
주성명,1750,151
父職役,1750,141
부직역,1750,133
父名,1750,2576
부명,1750,2128
生父職役,1750,6
생부직역,1750,6
生父名,1750,14
생부명,1750,14
母職役,1750,13
모직역,1750,12
母名,1750,385
모명,1750,421
所生,1750,9
祖職役,1750,155
조직역,1750,147
祖名,1750,2237
조명,1750,1820
曾祖職役,1750,225
증조직역,1750,218
曾祖名,1750,2120
증조명,1750,1711
外祖職役,1750,126
외조직역,1750,124
外祖名,1750,2808
외조명,1750,2570
外本,1750,146
외본,1750,141
備考,1750,145
전체순번,1753,10714
年度,1753,1
面名,1753,7
면명,1753,7
順番,1753,3516
里順,1753,7
里名,1753,30
리명,1753,30
統,1753,76
統首,1753,382
통수,1753,379
戶,1753,8
主戶,1753,1749
주호,1753,1729
新戶,1753,2
신호,1753,2
代戶,1753,163
대호,1753,163
戶內位相,1753,168
호내위상,1753,176
職役,1753,482
직역,1753,464
姓,1753,88
성,1753,70
名,1753,3945
명,1753,3375
改名,1753,90
개명,1753,90
年齡,1753,109
干支,1753,64
간지,1753,64
出入,1753,272
출입,1753,273
場所,1753,254
장소,1753,246
本,1753,3
본,1753,3
本貫,1753,151
본관,1753,140
主居,1753,25
주거,1753,25
主職役,1753,7
주직역,1753,7
主姓名,1753,138
주성명,1753,133
父職役,1753,131
부직역,1753,125
父名,1753,2724
부명,1753,2261
生父職役,1753,7
생부직역,1753,7
生父名,1753,23
생부명,1753,23
母職役,1753,15
모직역,1753,14
母名,1753,520
모명,1753,542
所生,1753,10
祖職役,1753,133
조직역,1753,126
祖名,1753,2313
조명,1753,1878
曾祖職役,1753,173
증조직역,1753,164
曾祖名,1753,2148
증조명,1753,1711
外祖職役,1753,135
외조직역,1753,131
外祖名,1753,2866
외조명,1753,2650
外本,1753,169
외본,1753,162
備考,1753,118
전체순번,1756,23257
年度,1756,1
面名,1756,10
면명,1756,10
順番,1756,8035
里順,1756,13
里名,1756,50
리명,1756,50
統,1756,69
統首,1756,754
통수,1756,751
戶,1756,10
主戶,1756,3309
주호,1756,3241
新戶,1756,2
신호,1756,2
代戶,1756,522
대호,1756,521
戶內位相,1756,262
호내위상,1756,272
職役,1756,1142
직역,1756,1116
姓,1756,102
성,1756,84
名,1756,7415
명,1756,6004
改名,1756,184
개명,1756,179
年齡,1756,114
干支,1756,76
간지,1756,76
出入,1756,366
출입,1756,366
場所,1756,464
장소,1756,454
本,1756,4
본,1756,4
本貫,1756,219
본관,1756,211
主居,1756,55
주거,1756,55
主職役,1756,9
주직역,1756,9
主姓名,1756,411
주성명,1756,396
父職役,1756,216
부직역,1756,213
父名,1756,4668
부명,1756,3749
生父職役,1756,7
생부직역,1756,7
生父名,1756,30
생부명,1756,30
母職役,1756,19
모직역,1756,19
母名,1756,807
모명,1756,821
所生,1756,14
祖職役,1756,215
조직역,1756,205
祖名,1756,4034
조명,1756,3134
曾祖職役,1756,300
증조직역,1756,293
曾祖名,1756,3818
증조명,1756,2908
外祖職役,1756,178
외조직역,1756,177
外祖名,1756,5372
외조명,1756,4899
外本,1756,258
외본,1756,238
備考,1756,213
전체순번,1759,25663
年度,1759,1
面名,1759,13
면명,1759,13
順番,1759,8037
里順,1759,13
里名,1759,61
리명,1759,61
統,1759,73
統首,1759,878
통수,1759,873
戶,1759,9
主戶,1759,3838
주호,1759,3738
新戶,1759,3
신호,1759,2
代戶,1759,250
대호,1759,250
戶內位相,1759,252
호내위상,1759,256
職役,1759,1183
직역,1759,1150
姓,1759,106
성,1759,86
名,1759,7949
명,1759,6317
改名,1759,248
개명,1759,242
年齡,1759,122
干支,1759,89
간지,1759,89
出入,1759,416
출입,1759,419
場所,1759,375
장소,1759,364
本,1759,4
본,1759,4
本貫,1759,229
본관,1759,217
主居,1759,44
주거,1759,44
主職役,1759,8
주직역,1759,8
主姓名,1759,377
주성명,1759,369
父職役,1759,229
부직역,1759,217
父名,1759,5250
부명,1759,4106
生父職役,1759,11
생부직역,1759,11
生父名,1759,38
생부명,1759,38
母職役,1759,22
모직역,1759,21
母名,1759,839
모명,1759,816
所生,1759,13
祖職役,1759,234
조직역,1759,227
祖名,1759,4671
조명,1759,3518
曾祖職役,1759,317
증조직역,1759,303
曾祖名,1759,4388
증조명,1759,3299
外祖職役,1759,202
외조직역,1759,199
外祖名,1759,6302
외조명,1759,5745
外本,1759,251
외본,1759,233
備考,1759,247
전체순번,1762,37544
年度,1762,1
面名,1762,15
면명,1762,15
順番,1762,8358
里順,1762,13
里名,1762,84
리명,1762,83
統,1762,61
統首,1762,1167
통수,1762,1163
戶,1762,9
主戶,1762,5423
주호,1762,5247
新戶,1762,2
신호,1762,2
代戶,1762,312
대호,1762,312
戶內位相,1762,311
호내위상,1762,310
職役,1762,1794
직역,1762,1752
姓,1762,117
성,1762,94
名,1762,11010
명,1762,8295
改名,1762,439
개명,1762,428
年齡,1762,112
干支,1762,79
간지,1762,79
出入,1762,444
출입,1762,438
場所,1762,711
장소,1762,688
本,1762,4
본,1762,4
本貫,1762,291
본관,1762,266
主居,1762,65
주거,1762,64
主職役,1762,16
주직역,1762,16
主姓名,1762,596
주성명,1762,580
父職役,1762,313
부직역,1762,300
父名,1762,6931
부명,1762,5264
生父職役,1762,10
생부직역,1762,10
生父名,1762,70
생부명,1762,70
母職役,1762,28
모직역,1762,26
母名,1762,1175
모명,1762,1085
所生,1762,14
祖職役,1762,335
조직역,1762,314
祖名,1762,6078
조명,1762,4429
曾祖職役,1762,465
증조직역,1762,437
曾祖名,1762,5815
증조명,1762,4228
外祖職役,1762,256
외조직역,1762,251
外祖名,1762,8575
외조명,1762,7731
外本,1762,312
외본,1762,271
備考,1762,459
전체순번,1765,23672
年度,1765,1
面名,1765,10
면명,1765,10
順番,1765,8473
里順,1765,13
里名,1765,60
리명,1765,60
統,1765,62
統首,1765,769
통수,1765,762
戶,1765,9
主戶,1765,3520
주호,1765,3453
新戶,1765,2
신호,1765,2
代戶,1765,253
대호,1765,252
戶內位相,1765,202
호내위상,1765,212
職役,1765,1071
직역,1765,1041
姓,1765,108
성,1765,83
名,1765,8096
명,1765,6482
改名,1765,219
개명,1765,216
年齡,1765,129
干支,1765,91
간지,1765,92
出入,1765,286
출입,1765,292
場所,1765,434
장소,1765,414
本,1765,4
본,1765,4
本貫,1765,254
본관,1765,237
主居,1765,31
주거,1765,31
主職役,1765,8
주직역,1765,8
主姓名,1765,299
주성명,1765,294
父職役,1765,215
부직역,1765,206
父名,1765,4510
부명,1765,3684
生父職役,1765,10
생부직역,1765,10
生父名,1765,41
생부명,1765,41
母職役,1765,24
모직역,1765,22
母名,1765,821
모명,1765,816
所生,1765,17
祖職役,1765,257
조직역,1765,245
祖名,1765,3994
조명,1765,3164
曾祖職役,1765,326
증조직역,1765,316
曾祖名,1765,3791
증조명,1765,3005
外祖職役,1765,198
외조직역,1765,191
外祖名,1765,5198
외조명,1765,4850
外本,1765,288
외본,1765,263
備考,1765,408
전체순번,1768,26803
年度,1768,1
面名,1768,12
면명,1768,12
順番,1768,5621
里順,1768,15
里名,1768,93
리명,1768,93
統,1768,45
統首,1768,840
통수,1768,833
戶,1768,9
主戶,1768,3933
주호,1768,3839
新戶,1768,2
신호,1768,2
代戶,1768,255
대호,1768,255
戶內位相,1768,218
호내위상,1768,222
職役,1768,1231
직역,1768,1187
姓,1768,109
성,1768,85
名,1768,8960
명,1768,6956
改名,1768,429
개명,1768,418
年齡,1768,116
干支,1768,89
간지,1768,90
出入,1768,355
출입,1768,364
場所,1768,424
장소,1768,408
本,1768,4
본,1768,4
本貫,1768,260
본관,1768,236
主居,1768,46
주거,1768,45
主職役,1768,8
주직역,1768,8
主姓名,1768,294
주성명,1768,291
父職役,1768,250
부직역,1768,235
父名,1768,5361
부명,1768,4254
生父職役,1768,14
생부직역,1768,13
生父名,1768,74
생부명,1768,74
母職役,1768,27
모직역,1768,26
母名,1768,988
모명,1768,913
所生,1768,16
祖職役,1768,288
조직역,1768,271
祖名,1768,4869
조명,1768,3743
曾祖職役,1768,441
증조직역,1768,407
曾祖名,1768,4526
증조명,1768,3498
外祖職役,1768,250
외조직역,1768,240
外祖名,1768,6372
외조명,1768,5885
外本,1768,294
외본,1768,268
備考,1768,203
전체순번,1774,30500
年度,1774,1
面名,1774,13
면명,1774,13
順番,1774,7764
里順,1774,15
里名,1774,104
리명,1774,103
統,1774,45
統首,1774,995
통수,1774,986
戶,1774,8
主戶,1774,4629
주호,1774,4515
新戶,1774,2
신호,1774,2
代戶,1774,342
대호,1774,342
戶內位相,1774,224
호내위상,1774,226
職役,1774,1150
직역,1774,1114
姓,1774,112
성,1774,87
名,1774,9670
명,1774,7383
改名,1774,483
개명,1774,469
年齡,1774,120
干支,1774,88
간지,1774,89
出入,1774,349
출입,1774,357
場所,1774,363
장소,1774,345
本,1774,4
본,1774,4
本貫,1774,245
본관,1774,222
主居,1774,30
주거,1774,30
主職役,1774,7
주직역,1774,7
主姓名,1774,192
주성명,1774,190
父職役,1774,256
부직역,1774,242
父名,1774,5947
부명,1774,4631
生父職役,1774,9
생부직역,1774,9
生父名,1774,87
생부명,1774,87
母職役,1774,19
모직역,1774,19
母名,1774,1020
모명,1774,938
所生,1774,13
祖職役,1774,308
조직역,1774,292
祖名,1774,5524
조명,1774,4186
曾祖職役,1774,479
증조직역,1774,448
曾祖名,1774,5176
증조명,1774,3943
外祖職役,1774,238
외조직역,1774,230
外祖名,1774,7235
외조명,1774,6658
外本,1774,285
외본,1774,257
備考,1774,192
전체순번,1777,35510
年度,1777,1
面名,1777,12
면명,1777,12
順番,1777,7765
里順,1777,24
里名,1777,124
리명,1777,122
統,1777,45
統首,1777,1169
통수,1777,1162
戶,1777,8
主戶,1777,5277
주호,1777,5148
新戶,1777,2
신호,1777,2
代戶,1777,376
대호,1777,375
戶內位相,1777,203
호내위상,1777,200
職役,1777,1192
직역,1777,1156
姓,1777,115
성,1777,88
名,1777,10621
명,1777,8106
改名,1777,445
개명,1777,432
年齡,1777,125
干支,1777,96
간지,1777,97
出入,1777,382
출입,1777,388
場所,1777,473
장소,1777,454
本,1777,4
본,1777,4
本貫,1777,303
본관,1777,274
主居,1777,27
주거,1777,26
主職役,1777,5
주직역,1777,5
主姓名,1777,196
주성명,1777,193
父職役,1777,282
부직역,1777,276
父名,1777,6962
부명,1777,5255
生父職役,1777,17
생부직역,1777,17
生父名,1777,79
생부명,1777,79
母職役,1777,33
모직역,1777,32
母名,1777,1219
모명,1777,1158
所生,1777,14
祖職役,1777,323
조직역,1777,309
祖名,1777,6340
조명,1777,4664
曾祖職役,1777,522
증조직역,1777,497
曾祖名,1777,6012
증조명,1777,4394
外祖職役,1777,240
외조직역,1777,236
外祖名,1777,8694
외조명,1777,7916
外本,1777,327
외본,1777,287
備考,1777,264
전체순번,1780,6203
年度,1780,1
面名,1780,4
면명,1780,4
順番,1780,2144
里順,1780,6
里名,1780,20
리명,1780,20
統,1780,24
統首,1780,207
통수,1780,207
戶,1780,8
主戶,1780,962
주호,1780,952
新戶,1780,2
신호,1780,2
代戶,1780,65
대호,1780,65
戶內位相,1780,57
호내위상,1780,63
職役,1780,270
직역,1780,262
姓,1780,80
성,1780,66
名,1780,2792
명,1780,2475
改名,1780,62
개명,1780,62
年齡,1780,116
干支,1780,85
간지,1780,85
出入,1780,166
출입,1780,172
場所,1780,146
장소,1780,142
本,1780,4
본,1780,4
本貫,1780,153
본관,1780,147
主居,1780,6
주거,1780,6
主職役,1780,4
주직역,1780,4
主姓名,1780,32
주성명,1780,32
父職役,1780,101
부직역,1780,99
父名,1780,1539
부명,1780,1376
生父職役,1780,8
생부직역,1780,8
生父名,1780,25
생부명,1780,25
母職役,1780,15
모직역,1780,13
母名,1780,405
모명,1780,436
所生,1780,14
祖職役,1780,96
조직역,1780,95
祖名,1780,1369
조명,1780,1209
曾祖職役,1780,167
증조직역,1780,160
曾祖名,1780,1294
증조명,1780,1127
外祖職役,1780,105
외조직역,1780,104
外祖名,1780,1554
외조명,1780,1491
外本,1780,189
외본,1780,182
備考,1780,125
전체순번,1783,24428
年度,1783,1
面名,1783,13
면명,1783,13
順番,1783,8739
里順,1783,14
里名,1783,68
리명,1783,68
統,1783,74
統首,1783,877
통수,1783,876
戶,1783,9
主戶,1783,3967
주호,1783,3876
新戶,1783,4
신호,1783,4
代戶,1783,300
대호,1783,300
戶內位相,1783,146
호내위상,1783,149
職役,1783,843
직역,1783,827
姓,1783,108
성,1783,85
名,1783,7717
명,1783,6161
改名,1783,299
개명,1783,293
年齡,1783,127
干支,1783,105
간지,1783,105
出入,1783,317
출입,1783,312
場所,1783,312
장소,1783,303
本,1783,5
본,1783,4
本貫,1783,272
본관,1783,257
主居,1783,10
주거,1783,10
主職役,1783,2
주직역,1783,2
主姓名,1783,61
주성명,1783,60
父職役,1783,251
부직역,1783,241
父名,1783,5423
부명,1783,4215
生父職役,1783,10
생부직역,1783,10
生父名,1783,61
생부명,1783,61
母職役,1783,30
모직역,1783,32
母名,1783,621
모명,1783,681
所生,1783,16
祖職役,1783,285
조직역,1783,271
祖名,1783,4999
조명,1783,3785
曾祖職役,1783,338
증조직역,1783,320
曾祖名,1783,4826
증조명,1783,3617
外祖職役,1783,173
외조직역,1783,167
外祖名,1783,6609
외조명,1783,6005
外本,1783,298
외본,1783,264
備考,1783,257
전체순번,1786,34952
年度,1786,1
面名,1786,12
면명,1786,12
順番,1786,7666
里順,1786,22
里名,1786,121
리명,1786,119
統,1786,45
統首,1786,1183
통수,1786,1170
戶,1786,9
主戶,1786,5373
주호,1786,5203
新戶,1786,2
신호,1786,2
代戶,1786,436
대호,1786,436
戶內位相,1786,184
호내위상,1786,192
職役,1786,1075
직역,1786,1031
姓,1786,115
성,1786,91
名,1786,10526
명,1786,7977
改名,1786,429
개명,1786,419
年齡,1786,123
干支,1786,97
간지,1786,97
出入,1786,319
출입,1786,327
場所,1786,419
장소,1786,408
本,1786,4
본,1786,4
本貫,1786,307
본관,1786,268
主居,1786,18
주거,1786,18
主職役,1786,7
주직역,1786,7
主姓名,1786,147
주성명,1786,145
父職役,1786,274
부직역,1786,258
父名,1786,7078
부명,1786,5302
生父職役,1786,14
생부직역,1786,14
生父名,1786,80
생부명,1786,79
母職役,1786,25
모직역,1786,25
母名,1786,1073
모명,1786,1053
所生,1786,13
祖職役,1786,330
조직역,1786,307
祖名,1786,6496
조명,1786,4707
曾祖職役,1786,503
증조직역,1786,478
曾祖名,1786,6289
증조명,1786,4558
外祖職役,1786,218
외조직역,1786,211
外祖名,1786,8754
외조명,1786,7975
外本,1786,341
외본,1786,302
備考,1786,252
전체순번,1789,54299
年度,1789,1
面名,1789,21
면명,1789,21
順番,1789,8906
里順,1789,15
里名,1789,170
리명,1789,170
統,1789,46
統首,1789,1830
통수,1789,1810
戶,1789,9
主戶,1789,8297
주호,1789,7970
新戶,1789,3
신호,1789,2
代戶,1789,745
대호,1789,744
戶內位相,1789,265
호내위상,1789,265
職役,1789,1489
직역,1789,1415
姓,1789,122
성,1789,95
名,1789,14079
명,1789,9965
改名,1789,822
개명,1789,782
年齡,1789,115
干支,1789,88
간지,1789,88
出入,1789,445
출입,1789,440
場所,1789,540
장소,1789,514
本,1789,4
본,1789,4
本貫,1789,368
본관,1789,315
主居,1789,16
주거,1789,16
主職役,1789,3
주직역,1789,3
主姓名,1789,131
주성명,1789,127
父職役,1789,349
부직역,1789,330
父名,1789,9631
부명,1789,6688
生父職役,1789,15
생부직역,1789,15
生父名,1789,111
생부명,1789,109
母職役,1789,31
모직역,1789,28
母名,1789,1156
모명,1789,1102
所生,1789,15
祖職役,1789,442
조직역,1789,408
祖名,1789,9051
조명,1789,6145
曾祖職役,1789,650
증조직역,1789,610
曾祖名,1789,8736
증조명,1789,5936
外祖職役,1789,292
외조직역,1789,281
外祖名,1789,13006
외조명,1789,11513
外本,1789,403
외본,1789,337
備考,1789,277
전체순번,1792,13811
年度,1792,1
面名,1792,7
면명,1792,7
順番,1792,3106
里順,1792,15
里名,1792,63
리명,1792,63
統,1792,46
統首,1792,466
통수,1792,464
戶,1792,9
主戶,1792,2234
주호,1792,2194
新戶,1792,2
신호,1792,2
代戶,1792,197
대호,1792,197
戶內位相,1792,141
호내위상,1792,144
職役,1792,477
직역,1792,447
姓,1792,91
성,1792,74
名,1792,5279
명,1792,4337
改名,1792,252
개명,1792,248
年齡,1792,107
干支,1792,83
간지,1792,84
出入,1792,186
출입,1792,194
場所,1792,146
장소,1792,141
本,1792,3
본,1792,3
本貫,1792,178
본관,1792,167
主居,1792,5
주거,1792,5
主職役,1792,2
주직역,1792,2
主姓名,1792,7
주성명,1792,7
父職役,1792,128
부직역,1792,125
父名,1792,3186
부명,1792,2662
生父職役,1792,8
생부직역,1792,8
生父名,1792,52
생부명,1792,52
母職役,1792,12
모직역,1792,12
母名,1792,374
모명,1792,380
所生,1792,12
祖職役,1792,157
조직역,1792,149
祖名,1792,3015
조명,1792,2485
曾祖職役,1792,216
증조직역,1792,208
曾祖名,1792,2954
증조명,1792,2429
外祖職役,1792,117
외조직역,1792,112
外祖名,1792,3695
외조명,1792,3464
外本,1792,206
외본,1792,192
備考,1792,62
전체순번,1795,59035
年度,1795,1
面名,1795,27
면명,1795,27
順番,1795,8624
里順,1795,17
里名,1795,194
리명,1795,192
統,1795,68
統首,1795,2116
통수,1795,2089
戶,1795,10
主戶,1795,9397
주호,1795,9000
新戶,1795,3
신호,1795,2
代戶,1795,1280
대호,1795,1278
戶內位相,1795,264
호내위상,1795,269
職役,1795,1454
직역,1795,1375
姓,1795,122
성,1795,93
名,1795,14624
명,1795,10331
改名,1795,791
개명,1795,747
年齡,1795,123
干支,1795,116
간지,1795,117
出入,1795,422
출입,1795,427
場所,1795,462
장소,1795,441
本,1795,5
본,1795,4
本貫,1795,388
본관,1795,334
主居,1795,11
주거,1795,11
主職役,1795,6
주직역,1795,6
主姓名,1795,46
주성명,1795,46
父職役,1795,360
부직역,1795,335
父名,1795,10583
부명,1795,7292
生父職役,1795,16
생부직역,1795,16
生父名,1795,123
생부명,1795,122
母職役,1795,21
모직역,1795,22
母名,1795,922
모명,1795,961
所生,1795,15
祖職役,1795,444
조직역,1795,412
祖名,1795,10060
조명,1795,6676
曾祖職役,1795,658
증조직역,1795,601
曾祖名,1795,9832
증조명,1795,6541
外祖職役,1795,291
외조직역,1795,278
外祖名,1795,14794
외조명,1795,13022
外本,1795,430
외본,1795,361
備考,1795,344
전체순번,1798,16936
年度,1798,1
面名,1798,11
면명,1798,11
順番,1798,3038
里順,1798,16
里名,1798,70
리명,1798,69
統,1798,66
統首,1798,670
통수,1798,667
戶,1798,9
主戶,1798,3097
주호,1798,3036
新戶,1798,2
신호,1798,2
代戶,1798,186
대호,1798,186
戶內位相,1798,131
호내위상,1798,130
職役,1798,448
직역,1798,432
姓,1798,106
성,1798,84
名,1798,5801
명,1798,4746
改名,1798,246
개명,1798,242
年齡,1798,112
干支,1798,81
간지,1798,81
出入,1798,190
출입,1798,198
場所,1798,121
장소,1798,118
本,1798,4
본,1798,4
本貫,1798,208
본관,1798,195
主居,1798,2
주거,1798,2
主職役,1798,2
주직역,1798,2
主姓名,1798,4
주성명,1798,4
父職役,1798,157
부직역,1798,151
父名,1798,4139
부명,1798,3238
生父職役,1798,9
생부직역,1798,9
生父名,1798,35
생부명,1798,35
母職役,1798,14
모직역,1798,15
母名,1798,295
모명,1798,347
所生,1798,9
祖職役,1798,206
조직역,1798,196
祖名,1798,4017
조명,1798,3127
曾祖職役,1798,232
증조직역,1798,223
曾祖名,1798,3948
증조명,1798,3049
外祖職役,1798,121
외조직역,1798,120
外祖名,1798,5078
외조명,1798,4686
外本,1798,239
외본,1798,212
備考,1798,111
전체순번,1801,55638
年度,1801,1
面名,1801,29
면명,1801,29
順番,1801,7591
里順,1801,16
里名,1801,213
리명,1801,210
統,1801,65
統首,1801,2021
통수,1801,1990
戶,1801,10
主戶,1801,9093
주호,1801,8703
新戶,1801,4
신호,1801,3
代戶,1801,491
대호,1801,491
戶內位相,1801,228
호내위상,1801,234
職役,1801,1288
직역,1801,1209
姓,1801,124
성,1801,93
名,1801,14523
명,1801,10211
改名,1801,724
개명,1801,680
年齡,1801,129
干支,1801,108
간지,1801,107
出入,1801,379
출입,1801,380
場所,1801,365
장소,1801,347
本,1801,4
본,1801,4
本貫,1801,378
본관,1801,324
主居,1801,5
주거,1801,5
主職役,1801,5
주직역,1801,5
主姓名,1801,31
주성명,1801,30
父職役,1801,323
부직역,1801,307
父名,1801,10568
부명,1801,7166
生父職役,1801,13
생부직역,1801,13
生父名,1801,137
생부명,1801,136
母職役,1801,28
모직역,1801,27
母名,1801,865
모명,1801,871
所生,1801,13
祖職役,1801,408
조직역,1801,380
祖名,1801,9928
조명,1801,6629
曾祖職役,1801,639
증조직역,1801,591
曾祖名,1801,9797
증조명,1801,6489
外祖職役,1801,289
외조직역,1801,280
外祖名,1801,14792
외조명,1801,13007
外本,1801,441
외본,1801,373
備考,1801,395
전체순번,1804,22642
年度,1804,1
面名,1804,11
면명,1804,11
順番,1804,2977
里順,1804,16
里名,1804,108
리명,1804,108
統,1804,48
統首,1804,698
통수,1804,694
戶,1804,10
主戶,1804,3969
주호,1804,3856
新戶,1804,3
신호,1804,3
代戶,1804,194
대호,1804,194
戶內位相,1804,137
호내위상,1804,139
職役,1804,565
직역,1804,538
姓,1804,106
성,1804,83
名,1804,7338
명,1804,5778
改名,1804,365
개명,1804,354
年齡,1804,111
干支,1804,80
간지,1804,80
出入,1804,180
출입,1804,191
場所,1804,123
장소,1804,119
本,1804,4
본,1804,4
本貫,1804,236
본관,1804,215
主居,1804,1
주거,1804,1
主職役,1804,1
주직역,1804,1
主姓名,1804,2
주성명,1804,2
父職役,1804,150
부직역,1804,146
父名,1804,5085
부명,1804,3922
生父職役,1804,10
생부직역,1804,10
生父名,1804,41
생부명,1804,41
母職役,1804,12
모직역,1804,12
母名,1804,299
모명,1804,318
所生,1804,12
祖職役,1804,194
조직역,1804,186
祖名,1804,4973
조명,1804,3810
曾祖職役,1804,291
증조직역,1804,282
曾祖名,1804,4904
증조명,1804,3759
外祖職役,1804,139
외조직역,1804,135
外祖名,1804,6462
외조명,1804,5978
外本,1804,268
외본,1804,243
備考,1804,133
전체순번,1807,7712
年度,1807,1
面名,1807,5
면명,1807,5
順番,1807,1879
里順,1807,10
里名,1807,35
리명,1807,35
統,1807,24
統首,1807,298
통수,1807,298
戶,1807,9
主戶,1807,1378
주호,1807,1363
新戶,1807,2
신호,1807,2
代戶,1807,80
대호,1807,80
戶內位相,1807,70
호내위상,1807,72
職役,1807,241
직역,1807,233
姓,1807,83
성,1807,70
名,1807,3386
명,1807,3061
改名,1807,130
개명,1807,124
年齡,1807,106
干支,1807,70
간지,1807,70
出入,1807,90
출입,1807,89
場所,1807,93
장소,1807,91
本,1807,4
본,1807,4
本貫,1807,159
본관,1807,149
主居,1807,2
주거,1807,2
主職役,1807,5
주직역,1807,5
主姓名,1807,9
주성명,1807,9
父職役,1807,70
부직역,1807,70
父名,1807,2119
부명,1807,1854
生父職役,1807,8
생부직역,1807,8
生父名,1807,34
생부명,1807,34
母職役,1807,8
모직역,1807,9
母名,1807,277
모명,1807,294
所生,1807,9
祖職役,1807,80
조직역,1807,80
祖名,1807,1987
조명,1807,1732
曾祖職役,1807,139
증조직역,1807,133
曾祖名,1807,1897
증조명,1807,1618
外祖職役,1807,82
외조직역,1807,82
外祖名,1807,2313
외조명,1807,2209
外本,1807,166
외본,1807,160
備考,1807,34
전체순번,1810,33754
年度,1810,1
面名,1810,17
면명,1810,17
順番,1810,7439
里順,1810,15
里名,1810,126
리명,1810,125
統,1810,61
統首,1810,1345
통수,1810,1334
戶,1810,10
主戶,1810,6227
주호,1810,6030
新戶,1810,2
신호,1810,2
代戶,1810,621
대호,1810,620
戶內位相,1810,172
호내위상,1810,171
職役,1810,807
직역,1810,763
姓,1810,118
성,1810,90
名,1810,10392
명,1810,7790
改名,1810,411
개명,1810,397
年齡,1810,102
干支,1810,81
간지,1810,80
出入,1810,220
출입,1810,216
場所,1810,175
장소,1810,174
本,1810,4
본,1810,4
本貫,1810,287
본관,1810,257
主居,1810,1
주거,1810,1
主職役,1810,1
주직역,1810,1
主姓名,1810,1
주성명,1810,1
父職役,1810,212
부직역,1810,201
父名,1810,7504
부명,1810,5489
生父職役,1810,9
생부직역,1810,9
生父名,1810,88
생부명,1810,88
母職役,1810,14
모직역,1810,14
母名,1810,391
모명,1810,402
所生,1810,11
祖職役,1810,265
조직역,1810,247
祖名,1810,7107
조명,1810,5153
曾祖職役,1810,356
증조직역,1810,334
曾祖名,1810,7019
증조명,1810,5036
外祖職役,1810,156
외조직역,1810,154
外祖名,1810,9812
외조명,1810,8917
外本,1810,325
외본,1810,289
備考,1810,143
전체순번,1813,19127
年度,1813,1
面名,1813,9
면명,1813,9
順番,1813,7450
里順,1813,12
里名,1813,59
리명,1813,59
統,1813,49
統首,1813,684
통수,1813,680
戶,1813,8
主戶,1813,3392
주호,1813,3308
新戶,1813,2
신호,1813,2
代戶,1813,215
대호,1813,215
戶內位相,1813,126
호내위상,1813,124
職役,1813,577
직역,1813,558
姓,1813,108
성,1813,87
名,1813,7082
명,1813,5684
改名,1813,200
개명,1813,196
年齡,1813,106
干支,1813,81
간지,1813,82
出入,1813,155
출입,1813,161
場所,1813,152
장소,1813,151
本,1813,3
본,1813,3
本貫,1813,245
본관,1813,228
主居,1813,2
주거,1813,2
主職役,1813,3
주직역,1813,3
主姓名,1813,7
주성명,1813,6
父職役,1813,140
부직역,1813,138
父名,1813,4633
부명,1813,3765
生父職役,1813,10
생부직역,1813,10
生父名,1813,61
생부명,1813,60
母職役,1813,12
모직역,1813,13
母名,1813,467
모명,1813,467
所生,1813,10
祖職役,1813,158
조직역,1813,152
祖名,1813,4216
조명,1813,3411
曾祖職役,1813,238
증조직역,1813,231
曾祖名,1813,4046
증조명,1813,3210
外祖職役,1813,122
외조직역,1813,121
外祖名,1813,5311
외조명,1813,4982
外本,1813,263
외본,1813,238
備考,1813,88
전체순번,1816,26031
年度,1816,1
面名,1816,14
면명,1816,14
順番,1816,7580
里順,1816,16
里名,1816,105
리명,1816,104
統,1816,45
統首,1816,1092
통수,1816,1087
戶,1816,9
主戶,1816,4755
주호,1816,4617
新戶,1816,2
신호,1816,2
代戶,1816,730
대호,1816,727
戶內位相,1816,143
호내위상,1816,149
職役,1816,697
직역,1816,675
姓,1816,112
성,1816,87
名,1816,8242
명,1816,6459
改名,1816,247
개명,1816,245
年齡,1816,107
干支,1816,80
간지,1816,80
出入,1816,138
출입,1816,145
場所,1816,107
장소,1816,104
本,1816,4
본,1816,5
本貫,1816,281
본관,1816,254
主居,1816,1
주거,1816,1
主職役,1816,2
주직역,1816,2
主姓名,1816,2
주성명,1816,2
父職役,1816,165
부직역,1816,161
父名,1816,6012
부명,1816,4623
生父職役,1816,10
생부직역,1816,10
生父名,1816,56
생부명,1816,55
母職役,1816,8
모직역,1816,10
母名,1816,246
모명,1816,320
所生,1816,10
祖職役,1816,184
조직역,1816,178
祖名,1816,5816
조명,1816,4407
曾祖職役,1816,241
증조직역,1816,231
曾祖名,1816,5697
증조명,1816,4286
外祖職役,1816,144
외조직역,1816,140
外祖名,1816,7630
외조명,1816,7030
外本,1816,300
외본,1816,269
備考,1816,68
전체순번,1819,6171
年度,1819,1
面名,1819,6
면명,1819,6
順番,1819,2296
里順,1819,6
里名,1819,21
리명,1819,21
統,1819,55
統首,1819,274
통수,1819,274
戶,1819,9
主戶,1819,1298
주호,1819,1282
新戶,1819,2
신호,1819,2
代戶,1819,80
대호,1819,80
戶內位相,1819,62
호내위상,1819,65
職役,1819,234
직역,1819,231
姓,1819,79
성,1819,66
名,1819,2408
명,1819,2217
改名,1819,91
개명,1819,91
年齡,1819,117
干支,1819,83
간지,1819,83
出入,1819,28
출입,1819,26
場所,1819,24
장소,1819,24
本,1819,4
본,1819,4
本貫,1819,150
본관,1819,147
主居,1819,1
주거,1819,1
主職役,1819,1
주직역,1819,1
主姓名,1819,1
주성명,1819,1
父職役,1819,92
부직역,1819,91
父名,1819,1800
부명,1819,1586
生父職役,1819,5
생부직역,1819,5
生父名,1819,10
생부명,1819,10
母職役,1819,3
모직역,1819,3
母名,1819,26
모명,1819,33
所生,1819,8
祖職役,1819,100
조직역,1819,100
祖名,1819,1784
조명,1819,1545
曾祖職役,1819,109
증조직역,1819,109
曾祖名,1819,1797
증조명,1819,1563
外祖職役,1819,74
외조직역,1819,74
外祖名,1819,2351
외조명,1819,2222
外本,1819,155
외본,1819,148
備考,1819,193
전체순번,1822,7527
年度,1822,1
面名,1822,6
면명,1822,6
順番,1822,1599
里順,1822,10
里名,1822,38
리명,1822,38
統,1822,19
統首,1822,317
통수,1822,316
戶,1822,8
主戶,1822,1505
주호,1822,1487
新戶,1822,2
신호,1822,2
代戶,1822,91
대호,1822,91
戶內位相,1822,73
호내위상,1822,74
職役,1822,226
직역,1822,221
姓,1822,84
성,1822,72
名,1822,3300
명,1822,2906
改名,1822,171
개명,1822,166
年齡,1822,101
干支,1822,75
간지,1822,75
出入,1822,57
출입,1822,61
場所,1822,31
장소,1822,30
本,1822,4
본,1822,4
本貫,1822,154
본관,1822,143
主居,1822,1
주거,1822,1
主職役,1822,1
주직역,1822,1
主姓名,1822,1
주성명,1822,1
父職役,1822,69
부직역,1822,65
父名,1822,2162
부명,1822,1897
生父職役,1822,6
생부직역,1822,6
生父名,1822,32
생부명,1822,32
母職役,1822,7
모직역,1822,8
母名,1822,48
모명,1822,68
所生,1822,7
祖職役,1822,71
조직역,1822,69
祖名,1822,2065
조명,1822,1803
曾祖職役,1822,91
증조직역,1822,89
曾祖名,1822,1999
증조명,1822,1735
外祖職役,1822,68
외조직역,1822,67
外祖名,1822,2398
외조명,1822,2313
外本,1822,187
외본,1822,174
備考,1822,48
전체순번,1825,63665
年度,1825,1
面名,1825,34
면명,1825,34
順番,1825,7414
里順,1825,17
里名,1825,241
리명,1825,238
統,1825,55
統首,1825,2501
통수,1825,2471
戶,1825,11
主戶,1825,11378
주호,1825,10782
新戶,1825,3
신호,1825,2
代戶,1825,799
대호,1825,797
戶內位相,1825,204
호내위상,1825,203
職役,1825,1255
직역,1825,1192
姓,1825,128
성,1825,101
名,1825,16578
명,1825,10883
改名,1825,1180
개명,1825,1066
年齡,1825,109
干支,1825,86
간지,1825,86
出入,1825,267
출입,1825,268
場所,1825,243
장소,1825,237
本,1825,3
본,1825,3
本貫,1825,372
본관,1825,321
主居,1825,1
주거,1825,1
主職役,1825,1
주직역,1825,1
主姓名,1825,1
주성명,1825,1
父職役,1825,296
부직역,1825,285
父名,1825,12411
부명,1825,8239
生父職役,1825,21
생부직역,1825,21
生父名,1825,223
생부명,1825,218
母職役,1825,13
모직역,1825,15
母名,1825,604
모명,1825,658
所生,1825,14
祖職役,1825,359
조직역,1825,343
祖名,1825,11707
조명,1825,7673
曾祖職役,1825,519
증조직역,1825,496
曾祖名,1825,11504
증조명,1825,7519
外祖職役,1825,233
외조직역,1825,227
外祖名,1825,18013
외조명,1825,15738
外本,1825,434
외본,1825,374
備考,1825,239
전체순번,1828,15846
年度,1828,1
面名,1828,14
면명,1828,14
順番,1828,2298
里順,1828,16
里名,1828,81
리명,1828,81
統,1828,55
統首,1828,725
통수,1828,721
戶,1828,8
主戶,1828,3435
주호,1828,3351
新戶,1828,3
신호,1828,3
代戶,1828,204
대호,1828,204
戶內位相,1828,99
호내위상,1828,102
職役,1828,372
직역,1828,355
姓,1828,103
성,1828,82
名,1828,6231
명,1828,5002
改名,1828,278
개명,1828,271
年齡,1828,101
干支,1828,70
간지,1828,71
出入,1828,79
출입,1828,78
場所,1828,50
장소,1828,50
本,1828,3
본,1828,3
本貫,1828,193
본관,1828,180
主居,1828,1
주거,1828,1
主職役,1828,1
주직역,1828,1
主姓名,1828,1
주성명,1828,1
父職役,1828,89
부직역,1828,86
父名,1828,4569
부명,1828,3631
生父職役,1828,9
생부직역,1828,9
生父名,1828,92
생부명,1828,91
母職役,1828,4
모직역,1828,4
母名,1828,102
모명,1828,136
所生,1828,10
祖職役,1828,136
조직역,1828,132
祖名,1828,4372
조명,1828,3420
曾祖職役,1828,187
증조직역,1828,181
曾祖名,1828,4244
증조명,1828,3368
外祖職役,1828,91
외조직역,1828,90
外祖名,1828,5566
외조명,1828,5181
外本,1828,240
외본,1828,217
備考,1828,33
전체순번,1831,25937
年度,1831,1
面名,1831,10
면명,1831,10
順番,1831,7564
里順,1831,12
里名,1831,69
리명,1831,69
統,1831,55
統首,1831,1088
통수,1831,1079
戶,1831,9
主戶,1831,4903
주호,1831,4761
新戶,1831,2
신호,1831,2
代戶,1831,401
대호,1831,401
戶內位相,1831,108
호내위상,1831,112
職役,1831,764
직역,1831,734
姓,1831,108
성,1831,87
名,1831,8397
명,1831,6496
改名,1831,386
개명,1831,376
年齡,1831,108
干支,1831,72
간지,1831,72
出入,1831,132
출입,1831,135
場所,1831,153
장소,1831,154
本,1831,3
본,1831,3
本貫,1831,251
본관,1831,230
主居,1831,2
주거,1831,2
主職役,1831,1
주직역,1831,1
主姓名,1831,2
주성명,1831,2
父職役,1831,195
부직역,1831,187
父名,1831,6213
부명,1831,4793
生父職役,1831,16
생부직역,1831,16
生父名,1831,75
생부명,1831,75
母職役,1831,9
모직역,1831,9
母名,1831,417
모명,1831,434
所生,1831,10
祖職役,1831,212
조직역,1831,202
祖名,1831,5842
조명,1831,4444
曾祖職役,1831,278
증조직역,1831,265
曾祖名,1831,5736
증조명,1831,4351
外祖職役,1831,130
외조직역,1831,128
外祖名,1831,7634
외조명,1831,6972
外本,1831,297
외본,1831,265
備考,1831,42
전체순번,1834,18497
年度,1834,1
面名,1834,8
면명,1834,8
順番,1834,8042
里順,1834,12
里名,1834,71
리명,1834,71
統,1834,45
統首,1834,799
통수,1834,797
戶,1834,7
主戶,1834,3679
주호,1834,3594
新戶,1834,3
신호,1834,2
代戶,1834,266
대호,1834,266
戶內位相,1834,110
호내위상,1834,110
職役,1834,575
직역,1834,562
姓,1834,102
성,1834,84
名,1834,6729
명,1834,5401
改名,1834,278
개명,1834,270
年齡,1834,125
干支,1834,93
간지,1834,93
出入,1834,167
출입,1834,174
場所,1834,102
장소,1834,101
本,1834,4
본,1834,4
本貫,1834,245
본관,1834,226
主居,1834,1
주거,1834,1
主職役,1834,1
주직역,1834,1
主姓名,1834,1
주성명,1834,1
父職役,1834,145
부직역,1834,143
父名,1834,4859
부명,1834,3898
生父職役,1834,9
생부직역,1834,9
生父名,1834,57
생부명,1834,57
母職役,1834,12
모직역,1834,11
母名,1834,293
모명,1834,363
所生,1834,11
祖職役,1834,159
조직역,1834,157
祖名,1834,4564
조명,1834,3635
曾祖職役,1834,198
증조직역,1834,194
曾祖名,1834,4490
증조명,1834,3581
外祖職役,1834,104
외조직역,1834,103
外祖名,1834,5835
외조명,1834,5454
外本,1834,255
외본,1834,241
備考,1834,151
전체순번,1837,42486
年度,1837,1
面名,1837,25
면명,1837,25
順番,1837,7694
里順,1837,16
里名,1837,182
리명,1837,181
統,1837,55
統首,1837,1781
통수,1837,1771
戶,1837,9
主戶,1837,8062
주호,1837,7691
新戶,1837,3
신호,1837,2
代戶,1837,938
대호,1837,937
戶內位相,1837,141
호내위상,1837,143
職役,1837,755
직역,1837,726
姓,1837,116
성,1837,92
名,1837,12730
명,1837,8875
改名,1837,654
개명,1837,602
年齡,1837,109
干支,1837,82
간지,1837,83
出入,1837,136
출입,1837,141
場所,1837,107
장소,1837,108
本,1837,4
본,1837,4
本貫,1837,293
본관,1837,265
主居,1837,1
주거,1837,1
主職役,1837,1
주직역,1837,1
主姓名,1837,2
주성명,1837,2
父職役,1837,171
부직역,1837,167
父名,1837,9521
부명,1837,6601
生父職役,1837,12
생부직역,1837,12
生父名,1837,191
생부명,1837,188
母職役,1837,6
모직역,1837,6
母名,1837,330
모명,1837,387
所生,1837,11
祖職役,1837,227
조직역,1837,219
祖名,1837,8968
조명,1837,6232
曾祖職役,1837,313
증조직역,1837,299
曾祖名,1837,8686
증조명,1837,6112
外祖職役,1837,143
외조직역,1837,140
外祖名,1837,12676
외조명,1837,11376
外本,1837,348
외본,1837,312
備考,1837,75
전체순번,1840,11998
年度,1840,1
面名,1840,5
면명,1840,5
順番,1840,7367
里順,1840,17
里名,1840,42
리명,1840,42
統,1840,42
統首,1840,574
통수,1840,571
戶,1840,10
主戶,1840,2509
주호,1840,2461
新戶,1840,2
신호,1840,2
代戶,1840,152
대호,1840,152
戶內位相,1840,60
호내위상,1840,62
職役,1840,409
직역,1840,399
姓,1840,95
성,1840,77
名,1840,4406
명,1840,3753
改名,1840,125
개명,1840,124
年齡,1840,98
干支,1840,78
간지,1840,78
出入,1840,69
출입,1840,72
場所,1840,42
장소,1840,41
本,1840,3
본,1840,3
本貫,1840,198
본관,1840,187
主居,1840,1
주거,1840,1
主職役,1840,1
주직역,1840,1
主姓名,1840,1
주성명,1840,1
父職役,1840,130
부직역,1840,122
父名,1840,3505
부명,1840,2958
生父職役,1840,10
생부직역,1840,10
生父名,1840,47
생부명,1840,47
母職役,1840,3
모직역,1840,3
母名,1840,75
모명,1840,136
所生,1840,10
祖職役,1840,151
조직역,1840,144
祖名,1840,3377
조명,1840,2832
曾祖職役,1840,162
증조직역,1840,156
曾祖名,1840,3283
증조명,1840,2747
外祖職役,1840,82
외조직역,1840,80
外祖名,1840,4170
외조명,1840,3935
外本,1840,237
외본,1840,219
備考,1840,14
전체순번,1843,5865
年度,1843,1
面名,1843,1
면명,1843,1
順番,1843,5865
里順,1843,12
里名,1843,12
리명,1843,12
統,1843,40
統首,1843,240
통수,1843,239
戶,1843,8
主戶,1843,1054
주호,1843,1049
新戶,1843,2
신호,1843,2
代戶,1843,11
대호,1843,11
戶內位相,1843,45
호내위상,1843,45
職役,1843,292
직역,1843,291
姓,1843,85
성,1843,71
名,1843,2329
명,1843,2074
改名,1843,65
개명,1843,64
年齡,1843,87
干支,1843,64
간지,1843,64
出入,1843,20
출입,1843,19
場所,1843,6
장소,1843,6
本,1843,3
본,1843,3
本貫,1843,148
본관,1843,143
主居,1843,1
주거,1843,1
主職役,1843,1
주직역,1843,1
主姓名,1843,1
주성명,1843,1
父職役,1843,60
부직역,1843,60
父名,1843,1593
부명,1843,1450
生父職役,1843,6
생부직역,1843,6
生父名,1843,15
생부명,1843,15
母職役,1843,3
모직역,1843,3
母名,1843,34
모명,1843,34
所生,1843,9
祖職役,1843,53
조직역,1843,53
祖名,1843,1499
조명,1843,1372
曾祖職役,1843,69
증조직역,1843,69
曾祖名,1843,1403
증조명,1843,1281
外祖職役,1843,40
외조직역,1843,40
外祖名,1843,1654
외조명,1843,1599
外本,1843,150
외본,1843,145
備考,1843,10
전체순번,1846,32997
年度,1846,1
面名,1846,18
면명,1846,18
順番,1846,5689
里順,1846,16
里名,1846,143
리명,1846,141
統,1846,46
統首,1846,1247
통수,1846,1232
戶,1846,12
主戶,1846,6100
주호,1846,5850
新戶,1846,2
신호,1846,2
代戶,1846,265
대호,1846,265
戶內位相,1846,113
호내위상,1846,115
職役,1846,556
직역,1846,529
姓,1846,108
성,1846,89
名,1846,11174
명,1846,7890
改名,1846,566
개명,1846,527
年齡,1846,104
干支,1846,85
간지,1846,87
出入,1846,70
출입,1846,66
場所,1846,58
장소,1846,58
本,1846,3
본,1846,3
本貫,1846,288
본관,1846,256
主居,1846,1
주거,1846,1
主職役,1846,1
주직역,1846,1
主姓名,1846,1
주성명,1846,1
父職役,1846,144
부직역,1846,139
父名,1846,7575
부명,1846,5479
生父職役,1846,12
생부직역,1846,12
生父名,1846,173
생부명,1846,170
母職役,1846,7
모직역,1846,7
母名,1846,200
모명,1846,212
所生,1846,10
祖職役,1846,162
조직역,1846,153
祖名,1846,7032
조명,1846,5141
曾祖職役,1846,223
증조직역,1846,215
曾祖名,1846,6743
증조명,1846,4973
外祖職役,1846,103
외조직역,1846,99
外祖名,1846,9405
외조명,1846,8672
外本,1846,330
외본,1846,290
備考,1846,48
전체순번,1852,19801
年度,1852,1
面名,1852,10
면명,1852,10
順番,1852,6273
里順,1852,12
里名,1852,76
리명,1852,75
統,1852,46
統首,1852,805
통수,1852,798
戶,1852,8
主戶,1852,3739
주호,1852,3622
新戶,1852,2
신호,1852,2
代戶,1852,227
대호,1852,227
戶內位相,1852,92
호내위상,1852,97
職役,1852,451
직역,1852,439
姓,1852,99
성,1852,80
名,1852,7380
명,1852,5617
改名,1852,391
개명,1852,368
年齡,1852,99
干支,1852,78
간지,1852,77
出入,1852,61
출입,1852,60
場所,1852,40
장소,1852,39
本,1852,3
본,1852,3
本貫,1852,232
본관,1852,210
主居,1852,1
주거,1852,1
主職役,1852,1
주직역,1852,1
主姓名,1852,1
주성명,1852,1
父職役,1852,123
부직역,1852,122
父名,1852,4904
부명,1852,3851
生父職役,1852,13
생부직역,1852,13
生父名,1852,109
생부명,1852,105
母職役,1852,5
모직역,1852,5
母名,1852,108
모명,1852,125
所生,1852,10
祖職役,1852,144
조직역,1852,140
祖名,1852,4531
조명,1852,3591
曾祖職役,1852,190
증조직역,1852,182
曾祖名,1852,4353
증조명,1852,3495
外祖職役,1852,94
외조직역,1852,94
外祖名,1852,5712
외조명,1852,5370
外本,1852,254
외본,1852,226
備考,1852,28
전체순번,1855,21761
年度,1855,1
面名,1855,13
면명,1855,13
順番,1855,6231
里順,1855,17
里名,1855,93
리명,1855,92
統,1855,44
統首,1855,923
통수,1855,918
戶,1855,9
主戶,1855,4251
주호,1855,4112
新戶,1855,2
신호,1855,2
代戶,1855,277
대호,1855,276
戶內位相,1855,92
호내위상,1855,96
職役,1855,426
직역,1855,413
姓,1855,104
성,1855,80
名,1855,8085
명,1855,6099
改名,1855,341
개명,1855,326
年齡,1855,105
干支,1855,75
간지,1855,75
出入,1855,67
출입,1855,70
場所,1855,52
장소,1855,52
本,1855,3
본,1855,3
本貫,1855,240
본관,1855,220
主居,1855,2
주거,1855,2
主職役,1855,1
주직역,1855,1
主姓名,1855,1
주성명,1855,1
父職役,1855,131
부직역,1855,129
父名,1855,5741
부명,1855,4393
生父職役,1855,12
생부직역,1855,12
生父名,1855,118
생부명,1855,117
母職役,1855,6
모직역,1855,6
母名,1855,260
모명,1855,291
所生,1855,8
祖職役,1855,150
조직역,1855,146
祖名,1855,5307
조명,1855,4145
曾祖職役,1855,189
증조직역,1855,180
曾祖名,1855,4944
증조명,1855,3921
外祖職役,1855,101
외조직역,1855,99
外祖名,1855,6699
외조명,1855,6231
外本,1855,280
외본,1855,259
備考,1855,32
전체순번,1858,61851
年度,1858,1
面名,1858,34
면명,1858,34
順番,1858,8126
里順,1858,17
里名,1858,240
리명,1858,237
統,1858,50
統首,1858,2517
통수,1858,2478
戶,1858,19
主戶,1858,11770
주호,1858,10997
新戶,1858,3
신호,1858,2
代戶,1858,545
대호,1858,544
戶內位相,1858,140
호내위상,1858,143
職役,1858,717
직역,1858,683
姓,1858,121
성,1858,93
名,1858,17895
명,1858,11138
改名,1858,910
개명,1858,827
年齡,1858,116
干支,1858,102
간지,1858,101
出入,1858,130
출입,1858,134
場所,1858,80
장소,1858,80
本,1858,4
본,1858,4
本貫,1858,356
본관,1858,316
主居,1858,1
주거,1858,1
主職役,1858,1
주직역,1858,1
主姓名,1858,1
주성명,1858,1
父職役,1858,210
부직역,1858,204
父名,1858,12803
부명,1858,8026
生父職役,1858,19
생부직역,1858,19
生父名,1858,335
생부명,1858,327
母職役,1858,8
모직역,1858,8
母名,1858,329
모명,1858,378
所生,1858,11
祖職役,1858,298
조직역,1858,287
祖名,1858,11678
조명,1858,7479
曾祖職役,1858,471
증조직역,1858,443
曾祖名,1858,11118
증조명,1858,7291
外祖職役,1858,183
외조직역,1858,178
外祖名,1858,17097
외조명,1858,15130
外本,1858,450
외본,1858,360
備考,1858,160
전체순번,1861,33798
年度,1861,1
面名,1861,21
면명,1861,21
順番,1861,5489
里順,1861,16
里名,1861,143
리명,1861,143
統,1861,50
統首,1861,1431
통수,1861,1416
戶,1861,9
主戶,1861,6767
주호,1861,6476
新戶,1861,2
신호,1861,2
代戶,1861,313
대호,1861,313
戶內位相,1861,119
호내위상,1861,121
職役,1861,543
직역,1861,521
姓,1861,107
성,1861,86
名,1861,11967
명,1861,8244
改名,1861,466
개명,1861,440
年齡,1861,103
干支,1861,81
간지,1861,81
出入,1861,61
출입,1861,66
場所,1861,38
장소,1861,38
本,1861,3
본,1861,3
本貫,1861,284
본관,1861,253
主居,1861,1
주거,1861,1
主職役,1861,1
주직역,1861,1
主姓名,1861,1
주성명,1861,1
父職役,1861,162
부직역,1861,156
父名,1861,8386
부명,1861,5825
生父職役,1861,15
생부직역,1861,15
生父名,1861,200
생부명,1861,195
母職役,1861,3
모직역,1861,3
母名,1861,103
모명,1861,136
所生,1861,9
祖職役,1861,205
조직역,1861,195
祖名,1861,7806
조명,1861,5451
曾祖職役,1861,279
증조직역,1861,263
曾祖名,1861,7484
증조명,1861,5362
外祖職役,1861,125
외조직역,1861,122
外祖名,1861,10438
외조명,1861,9552
外本,1861,347
외본,1861,305
備考,1861,46
전체순번,1864,3888
年度,1864,1
面名,1864,3
면명,1864,3
順番,1864,1558
里順,1864,10
里名,1864,24
리명,1864,24
統,1864,16
統首,1864,142
통수,1864,142
戶,1864,11
主戶,1864,712
주호,1864,699
新戶,1864,3
신호,1864,3
代戶,1864,39
대호,1864,39
戶內位相,1864,48
호내위상,1864,49
職役,1864,65
직역,1864,65
姓,1864,70
성,1864,60
名,1864,2026
명,1864,1864
改名,1864,17
개명,1864,17
年齡,1864,116
干支,1864,83
간지,1864,83
出入,1864,16
출입,1864,18
場所,1864,22
장소,1864,22
本,1864,4
본,1864,4
本貫,1864,148
본관,1864,144
主居,1864,1
주거,1864,1
主職役,1864,1
주직역,1864,1
主姓名,1864,1
주성명,1864,1
父職役,1864,37
부직역,1864,36
父名,1864,1195
부명,1864,1109
生父職役,1864,5
생부직역,1864,5
生父名,1864,22
생부명,1864,22
母職役,1864,6
모직역,1864,6
母名,1864,140
모명,1864,139
所生,1864,10
祖職役,1864,41
조직역,1864,41
祖名,1864,1080
조명,1864,1001
曾祖職役,1864,58
증조직역,1864,58
曾祖名,1864,1067
증조명,1864,1009
外祖職役,1864,34
외조직역,1864,34
外祖名,1864,1309
외조명,1864,1276
外本,1864,144
외본,1864,138
備考,1864,144
전체순번,1867,43690
年度,1867,1
面名,1867,29
면명,1867,29
順番,1867,5162
里順,1867,18
里名,1867,208
리명,1867,206
統,1867,52
統首,1867,1931
통수,1867,1906
戶,1867,19
主戶,1867,9216
주호,1867,8687
新戶,1867,3
신호,1867,3
代戶,1867,406
대호,1867,406
戶內位相,1867,130
호내위상,1867,131
職役,1867,544
직역,1867,520
姓,1867,115
성,1867,91
名,1867,14686
명,1867,9608
改名,1867,482
개명,1867,464
年齡,1867,108
干支,1867,85
간지,1867,85
出入,1867,52
출입,1867,55
場所,1867,38
장소,1867,38
本,1867,3
본,1867,3
本貫,1867,325
본관,1867,283
主居,1867,1
주거,1867,1
主職役,1867,1
주직역,1867,1
主姓名,1867,1
주성명,1867,1
父職役,1867,183
부직역,1867,174
父名,1867,10570
부명,1867,6868
生父職役,1867,18
생부직역,1867,18
生父名,1867,268
생부명,1867,261
母職役,1867,4
모직역,1867,4
母名,1867,98
모명,1867,130
所生,1867,8
祖職役,1867,235
조직역,1867,223
祖名,1867,9799
조명,1867,6516
曾祖職役,1867,348
증조직역,1867,323
曾祖名,1867,9232
증조명,1867,6285
外祖職役,1867,149
외조직역,1867,143
外祖名,1867,13628
외조명,1867,12284
外本,1867,359
외본,1867,298
備考,1867,118
전체순번,1870,46585
年度,1870,1
面名,1870,32
면명,1870,32
順番,1870,5678
里順,1870,19
里名,1870,239
리명,1870,236
統,1870,52
統首,1870,1931
통수,1870,1901
戶,1870,26
主戶,1870,10409
주호,1870,9706
新戶,1870,2
신호,1870,2
代戶,1870,999
대호,1870,998
戶內位相,1870,140
호내위상,1870,149
職役,1870,506
직역,1870,479
姓,1870,116
성,1870,89
名,1870,15540
명,1870,10037
改名,1870,748
개명,1870,687
年齡,1870,113
干支,1870,93
간지,1870,94
出入,1870,38
출입,1870,33
場所,1870,26
장소,1870,26
本,1870,4
본,1870,4
本貫,1870,346
본관,1870,302
主居,1870,1
주거,1870,1
主職役,1870,1
주직역,1870,1
主姓名,1870,1
주성명,1870,1
父職役,1870,215
부직역,1870,207
父名,1870,11584
부명,1870,7389
生父職役,1870,11
생부직역,1870,12
生父名,1870,297
생부명,1870,287
母職役,1870,5
모직역,1870,5
母名,1870,69
모명,1870,101
所生,1870,9
祖職役,1870,240
조직역,1870,228
祖名,1870,10748
조명,1870,6990
曾祖職役,1870,335
증조직역,1870,322
曾祖名,1870,9990
증조명,1870,6655
外祖職役,1870,162
외조직역,1870,156
外祖名,1870,14957
외조명,1870,13399
外本,1870,391
외본,1870,332
備考,1870,195
전체순번,1876,30896
年度,1876,1
面名,1876,24
면명,1876,24
順番,1876,4254
里順,1876,12
里名,1876,179
리명,1876,177
統,1876,52
統首,1876,1683
통수,1876,1670
戶,1876,11
主戶,1876,8051
주호,1876,7599
新戶,1876,3
신호,1876,3
代戶,1876,297
대호,1876,296
戶內位相,1876,99
호내위상,1876,101
職役,1876,389
직역,1876,374
姓,1876,119
성,1876,94
名,1876,11966
명,1876,8322
改名,1876,209
개명,1876,206
年齡,1876,118
干支,1876,82
간지,1876,82
出入,1876,10
출입,1876,9
場所,1876,4
장소,1876,4
本,1876,4
본,1876,4
本貫,1876,326
본관,1876,295
主居,1876,2
주거,1876,2
主職役,1876,1
주직역,1876,1
主姓名,1876,1
주성명,1876,1
父職役,1876,148
부직역,1876,144
父名,1876,9427
부명,1876,6352
生父職役,1876,12
생부직역,1876,12
生父名,1876,161
생부명,1876,157
母職役,1876,3
모직역,1876,3
母名,1876,39
모명,1876,39
所生,1876,8
祖職役,1876,194
조직역,1876,186
祖名,1876,8776
조명,1876,6032
曾祖職役,1876,266
증조직역,1876,251
曾祖名,1876,8256
증조명,1876,5800
外祖職役,1876,107
외조직역,1876,107
外祖名,1876,11415
외조명,1876,10456
外本,1876,347
외본,1876,294
備考,1876,104
전체순번,전체연도,1758301
年度,전체연도,61
面名,전체연도,40
면명,전체연도,37
順番,전체연도,8906
里順,전체연도,29
里名,전체연도,598
리명,전체연도,574
統,전체연도,80
統首,전체연도,39056
통수,전체연도,33936
戶,전체연도,27
主戶,전체연도,121184
주호,전체연도,85096
新戶,전체연도,17
신호,전체연도,17
代戶,전체연도,19346
대호,전체연도,19084
戶內位相,전체연도,2302
호내위상,전체연도,2287
職役,전체연도,27598
직역,전체연도,25508
姓,전체연도,262
성,전체연도,134
名,전체연도,113329
명,전체연도,43610
改名,전체연도,13965
개명,전체연도,8369
年齡,전체연도,161
干支,전체연도,212
간지,전체연도,215
出入,전체연도,5799
출입,전체연도,5825
場所,전체연도,14127
장소,전체연도,13268
本,전체연도,8
본,전체연도,5
本貫,전체연도,1772
본관,전체연도,1210
主居,전체연도,586
주거,전체연도,466
主職役,전체연도,286
주직역,전체연도,286
主姓名,전체연도,18204
주성명,전체연도,13391
父職役,전체연도,4288
부직역,전체연도,3740
父名,전체연도,82707
부명,전체연도,35148
生父職役,전체연도,151
생부직역,전체연도,144
生父名,전체연도,1964
생부명,전체연도,1638
母職役,전체연도,344
모직역,전체연도,319
母名,전체연도,13561
모명,전체연도,8787
所生,전체연도,55
祖職役,전체연도,5812
조직역,전체연도,4974
祖名,전체연도,68704
조명,전체연도,26133
曾祖職役,전체연도,8112
증조직역,전체연도,6845
曾祖名,전체연도,67450
증조명,전체연도,25619
外祖職役,전체연도,4240
외조직역,전체연도,3689
外祖名,전체연도,166030
외조명,전체연도,103117
外本,전체연도,2206
외본,전체연도,1387
備考,전체연도,15374